[
  1,
  [
    "ecpdLyjvZBwrvm+cedCcQy",
    "f0BIwQ8D5Ml7nTNQbh1YlS",
    "e8D/a+ePdH8KbahwXMyj2I",
    "f2/Z3R6q1L97Nri1KthaUj",
    "deerbS2vtLCrDov727lLe2",
    "03vgDNsu5KPrSKiJr5cJJi",
    "f97HRRuzpNjLWR/onzYsRM",
    "baywDks55I+I+DeWGrQ1A9",
    "4f1H2mfRxG4rMwbnuv4wRt",
    "e97GVMl6JHh5Ml5qEDdSGa",
    "29FYIk+N1GYaeWH/q1NxQO",
    "9bjRrR0MZObqIBBHyhSrln"
  ],
  [
    "node",
    "_spriteFrame",
    "_textureSetter",
    "_parent",
    "scene",
    "_N$normalSprite",
    "_N$pressedSprite",
    "_N$hoverSprite",
    "_N$disabledSprite"
  ],
  [
    [
      "cc.Node",
      [
        "_name",
        "_id",
        "_groupIndex",
        "_objFlags",
        "_components",
        "_contentSize",
        "_parent",
        "_trs",
        "_children",
        "_color"
      ],
      -1,
      9,
      5,
      1,
      7,
      12,
      5
    ],
    "cc.SpriteFrame",
    [
      "cc.Node",
      [
        "_name",
        "_objFlags",
        "_children",
        "_components",
        "_contentSize",
        "_parent",
        "_trs"
      ],
      1,
      2,
      9,
      5,
      1,
      7
    ],
    [
      "cc.Widget",
      [
        "_alignFlags",
        "alignMode",
        "_originalWidth",
        "_originalHeight",
        "node"
      ],
      -1,
      1
    ],
    [
      "cc.Sprite",
      [
        "_type",
        "_sizeMode",
        "node",
        "_materials",
        "_spriteFrame"
      ],
      1,
      1,
      3,
      6
    ],
    [
      "cc.Camera",
      [
        "_clearFlags",
        "_depth",
        "_cullingMask",
        "node"
      ],
      0,
      1
    ],
    [
      "cc.SceneAsset",
      [
        "_name",
        "asyncLoadAssets"
      ],
      1
    ],
    [
      "cc.Canvas",
      [
        "node"
      ],
      3,
      1
    ],
    [
      "4752d3MwMBFr7pwl9SqPq0B",
      [
        "node"
      ],
      3,
      1
    ],
    [
      "cc.Button",
      [
        "_N$transition",
        "node",
        "clickEvents",
        "_N$normalColor",
        "_N$pressedColor",
        "_N$disabledColor",
        "_N$target",
        "_N$normalSprite",
        "_N$pressedSprite",
        "_N$hoverSprite",
        "_N$disabledSprite"
      ],
      2,
      1,
      9,
      5,
      5,
      5,
      1,
      6,
      6,
      6,
      6
    ],
    [
      "cc.ClickEvent",
      [
        "_componentId",
        "handler",
        "target"
      ],
      1,
      1
    ],
    [
      "cc.Scene",
      [
        "_name",
        "_children",
        "_anchorPoint",
        "_trs"
      ],
      2,
      2,
      5,
      7
    ],
    [
      "cc.Label",
      [
        "_string",
        "_fontSize",
        "_enableWrapText",
        "_N$horizontalAlign",
        "_N$verticalAlign",
        "_N$overflow",
        "_N$cacheMode",
        "node",
        "_materials"
      ],
      -4,
      1,
      3
    ]
  ],
  [
    [
      0,
      0,
      2,
      6,
      4,
      5,
      7,
      3
    ],
    [
      4,
      2,
      3,
      4,
      1
    ],
    [
      0,
      0,
      6,
      4,
      5,
      2
    ],
    [
      6,
      0,
      1,
      3
    ],
    [
      0,
      0,
      1,
      8,
      4,
      5,
      7,
      3
    ],
    [
      0,
      0,
      6,
      2
    ],
    [
      0,
      0,
      3,
      6,
      4,
      9,
      5,
      3
    ],
    [
      2,
      0,
      1,
      2,
      3,
      4,
      3
    ],
    [
      2,
      0,
      5,
      2,
      3,
      4,
      6,
      2
    ],
    [
      7,
      0,
      1
    ],
    [
      3,
      0,
      4,
      2
    ],
    [
      3,
      1,
      0,
      2,
      3,
      4,
      5
    ],
    [
      8,
      0,
      1
    ],
    [
      4,
      0,
      1,
      2,
      3,
      4,
      3
    ],
    [
      9,
      0,
      1,
      2,
      3,
      4,
      5,
      6,
      7,
      8,
      9,
      10,
      2
    ],
    [
      10,
      0,
      1,
      2,
      3
    ],
    [
      11,
      0,
      1,
      2,
      3,
      2
    ],
    [
      5,
      0,
      1,
      3,
      3
    ],
    [
      5,
      2,
      0,
      1,
      3,
      4
    ],
    [
      12,
      0,
      1,
      2,
      3,
      4,
      5,
      6,
      7,
      8,
      8
    ]
  ],
  [
    [
      [
        {
          "name": "icon57",
          "rect": [
            0,
            0,
            57,
            57
          ],
          "offset": [
            0,
            0
          ],
          "originalSize": [
            57,
            57
          ],
          "capInsets": [
            0,
            0,
            0,
            0
          ]
        }
      ],
      [
        1
      ],
      0,
      [
        0
      ],
      [
        2
      ],
      [
        2
      ]
    ],
    [
      [
        {
          "name": "icon144",
          "rect": [
            0,
            0,
            144,
            144
          ],
          "offset": [
            0,
            0
          ],
          "originalSize": [
            144,
            144
          ],
          "capInsets": [
            0,
            0,
            0,
            0
          ]
        }
      ],
      [
        1
      ],
      0,
      [
        0
      ],
      [
        2
      ],
      [
        3
      ]
    ],
    [
      [
        {
          "name": "icon114",
          "rect": [
            0,
            0,
            114,
            114
          ],
          "offset": [
            0,
            0
          ],
          "originalSize": [
            114,
            114
          ],
          "capInsets": [
            0,
            0,
            0,
            0
          ]
        }
      ],
      [
        1
      ],
      0,
      [
        0
      ],
      [
        2
      ],
      [
        4
      ]
    ],
    [
      [
        [
          3,
          "test-manual",
          null
        ],
        [
          4,
          "Canvas",
          "a5esZu+45LA5mBpvttspPD",
          [
            [
              -4,
              -5,
              -6,
              -7,
              -8,
              -9,
              -10,
              [
                5,
                "New Node",
                -11
              ]
            ],
            1,
            1,
            1,
            1,
            1,
            1,
            1,
            4
          ],
          [
            [
              9,
              -1
            ],
            [
              10,
              45,
              -2
            ],
            [
              12,
              -3
            ]
          ],
          [
            5,
            960,
            640
          ],
          [
            480,
            320,
            0,
            0,
            0,
            0,
            1,
            1,
            1,
            1
          ]
        ],
        [
          7,
          "Background",
          512,
          [
            -14
          ],
          [
            [
              13,
              1,
              0,
              -12,
              [
                9
              ],
              10
            ],
            [
              11,
              0,
              45,
              100,
              40,
              -13
            ]
          ],
          [
            5,
            100,
            40
          ]
        ],
        [
          8,
          "back",
          1,
          [
            2
          ],
          [
            [
              14,
              2,
              -15,
              [
                [
                  15,
                  "4752d3MwMBFr7pwl9SqPq0B",
                  "onClickBack",
                  1
                ]
              ],
              [
                4,
                4293322470
              ],
              [
                4,
                4291348680
              ],
              [
                4,
                3363338360
              ],
              2,
              11,
              12,
              13,
              14
            ]
          ],
          [
            5,
            100,
            40
          ],
          [
            0,
            -188.833,
            0,
            0,
            0,
            0,
            1,
            1,
            1,
            1
          ]
        ],
        [
          16,
          "New Node",
          [
            1
          ],
          [
            0,
            0,
            0
          ],
          [
            0,
            0,
            0,
            0,
            0,
            0,
            1,
            1,
            1,
            1
          ]
        ],
        [
          2,
          "Main Camera",
          1,
          [
            [
              17,
              7,
              -1,
              -16
            ]
          ],
          [
            5,
            960,
            640
          ]
        ],
        [
          2,
          "Main Camera Magnifying",
          1,
          [
            [
              18,
              2,
              7,
              -1,
              -17
            ]
          ],
          [
            5,
            960,
            640
          ]
        ],
        [
          0,
          "icon57",
          1,
          1,
          [
            [
              1,
              -18,
              [
                0
              ],
              1
            ]
          ],
          [
            5,
            57,
            57
          ],
          [
            -222.297,
            0,
            0,
            0,
            0,
            0,
            1,
            1,
            1,
            1
          ]
        ],
        [
          0,
          "icon72",
          1,
          1,
          [
            [
              1,
              -19,
              [
                2
              ],
              3
            ]
          ],
          [
            5,
            72,
            72
          ],
          [
            -83.66,
            0,
            0,
            0,
            0,
            0,
            1,
            1,
            1,
            1
          ]
        ],
        [
          0,
          "icon114",
          1,
          1,
          [
            [
              1,
              -20,
              [
                4
              ],
              5
            ]
          ],
          [
            5,
            114,
            114
          ],
          [
            66.928,
            0,
            0,
            0,
            0,
            0,
            1,
            1,
            1,
            1
          ]
        ],
        [
          0,
          "icon144",
          1,
          1,
          [
            [
              1,
              -21,
              [
                6
              ],
              7
            ]
          ],
          [
            5,
            144,
            144
          ],
          [
            233.053,
            0,
            0,
            0,
            0,
            0,
            1,
            1,
            1,
            1
          ]
        ],
        [
          6,
          "Label",
          512,
          2,
          [
            [
              19,
              "返回",
              20,
              false,
              1,
              1,
              1,
              1,
              -22,
              [
                8
              ]
            ]
          ],
          [
            4,
            4278190080
          ],
          [
            5,
            100,
            40
          ]
        ]
      ],
      0,
      [
        0,
        0,
        1,
        0,
        0,
        1,
        0,
        0,
        1,
        0,
        -1,
        5,
        0,
        -2,
        6,
        0,
        -3,
        7,
        0,
        -4,
        8,
        0,
        -5,
        9,
        0,
        -6,
        10,
        0,
        -7,
        3,
        0,
        3,
        1,
        0,
        0,
        2,
        0,
        0,
        2,
        0,
        -1,
        11,
        0,
        0,
        3,
        0,
        0,
        5,
        0,
        0,
        6,
        0,
        0,
        7,
        0,
        0,
        8,
        0,
        0,
        9,
        0,
        0,
        10,
        0,
        0,
        11,
        0,
        4,
        4,
        1,
        3,
        4,
        2,
        3,
        3,
        22
      ],
      [
        0,
        0,
        0,
        0,
        0,
        0,
        0,
        0,
        0,
        0,
        0,
        0,
        0,
        0,
        0
      ],
      [
        -1,
        1,
        -1,
        1,
        -1,
        1,
        -1,
        1,
        -1,
        -1,
        1,
        5,
        6,
        7,
        8
      ],
      [
        0,
        5,
        0,
        6,
        0,
        7,
        0,
        8,
        0,
        0,
        1,
        1,
        9,
        1,
        10
      ]
    ],
    [
      [
        {
          "name": "icon72",
          "rect": [
            0,
            0,
            72,
            72
          ],
          "offset": [
            0,
            0
          ],
          "originalSize": [
            72,
            72
          ],
          "capInsets": [
            0,
            0,
            0,
            0
          ]
        }
      ],
      [
        1
      ],
      0,
      [
        0
      ],
      [
        2
      ],
      [
        11
      ]
    ]
  ]
]