{"paths":{},"types":[],"uuids":["60WvkXsKxPdZwzGdxeBjmK","6aoKpq6+5BVaCIpoemqt7E","71VhFCTINJM6/Ky3oX9nBT","99FwsL0hBG8bITfZ4/IwmK","a8Anh32NZGRZegUtSgEj26","b4P/PCArtIdIH38t6mlw8Y","cf73jxyN9Jt47QTJU6ziYh","e8Ueib+qJEhL6mXAHdnwbi","29FYIk+N1GYaeWH/q1NxQO","31vIlawANFZqnzLlSuHBfc","41D7kWhyFGY7q4NDlzkazn","675ovJ2tVK2aLYfgPUWOMv","8855/VlrRKd6H0MSRnFxAU","e97GVMl6JHh5Ml5qEDdSGa","ecpdLyjvZBwrvm+cedCcQy","f0BIwQ8D5Ml7nTNQbh1YlS"],"scenes":{"db://assets/Scene/helloworld.fire":0},"redirect":[14,0],"deps":["internal"],"packs":{"062cb7683":[1,2,3,4,5,6,7],"0e3aae11f":[8,9,10,0,11,12,13,15]},"name":"main","importBase":"import","nativeBase":"native","debug":false,"isZip":false,"encrypted":false,"versions":{"import":["062cb7683","a5a37","0e3aae11f","5afde"],"native":[1,"55ea4",2,"c06a9",3,"d1118",4,"cea68",5,"83fcc",6,"a4b59",7,"90cf4"]}}