{
    "paths": {
        "60EzoFDgJOxp2iOkjQG4LM": [
            "texture/0",
            "cc.SpriteFrame",
            1
        ],
        "9c8y3N7IRDdbrlnq4j2YcZ": [
            "texture/1",
            "cc.SpriteFrame",
            1
        ],
        "0eBZayOvlOb56SJW1/zhdE": [
            "texture/2",
            "cc.SpriteFrame",
            1
        ],
        "b7z12HWORLsaqOEUxlFpvj": [
            "texture/3",
            "cc.SpriteFrame",
            1
        ],
        "06fBLRfnpNxZjnM5XNnn0L": [
            "texture/4",
            "cc.SpriteFrame",
            1
        ],
        "457r+9uLxPMbt1O1gR0w+V": [
            "texture/5",
            "cc.SpriteFrame",
            1
        ],
        "81hH2N0yJIKaP6IPnVOBCQ": [
            "texture/6",
            "cc.SpriteFrame",
            1
        ],
        "d4ZYIyaPlMjJ+/xunEOrF6": [
            "texture/AutoAtlas",
            "cc.SpriteAtlas"
        ]
    },
    "uuids": [
        "06fBLRfnpNxZjnM5XNnn0L",
        "0eBZayOvlOb56SJW1/zhdE",
        "140daa9f6",
        "1e218bb04",
        "457r+9uLxPMbt1O1gR0w+V",
        "60EzoFDgJOxp2iOkjQG4LM",
        "81hH2N0yJIKaP6IPnVOBCQ",
        "9c8y3N7IRDdbrlnq4j2YcZ",
        "b7z12HWORLsaqOEUxlFpvj",
        "d4ZYIyaPlMjJ+/xunEOrF6"
    ],
    "scenes": {},
    "redirect": [],
    "deps": [],
    "packs": {
        "0852b6fc6": [
            "140daa9f6",
            "1e218bb04"
        ]
    },
    "name": "bundle1",
    "importBase": "import",
    "nativeBase": "native",
    "debug": true,
    "isZip": false,
    "encrypted": false,
    "versions": {
        "import": [
            "06fBLRfnpNxZjnM5XNnn0L",
            "de083",
            "0852b6fc6",
            "fa130",
            "0eBZayOvlOb56SJW1/zhdE",
            "46fb1",
            "457r+9uLxPMbt1O1gR0w+V",
            "6a696",
            "60EzoFDgJOxp2iOkjQG4LM",
            "fb16d",
            "81hH2N0yJIKaP6IPnVOBCQ",
            "5d050",
            "9c8y3N7IRDdbrlnq4j2YcZ",
            "d20f6",
            "b7z12HWORLsaqOEUxlFpvj",
            "e1e57",
            "d4ZYIyaPlMjJ+/xunEOrF6",
            "bb8a0"
        ],
        "native": [
            "140daa9f6",
            "0885d",
            "1e218bb04",
            "58f86"
        ]
    }
}