[
  1,
  [
    "ecpdLyjvZBwrvm+cedCcQy",
    "f0BIwQ8D5Ml7nTNQbh1YlS",
    "71VhFCTINJM6/Ky3oX9nBT",
    "02delMVqdBD70a/HSD99FK",
    "e97GVMl6JHh5Ml5qEDdSGa",
    "29FYIk+N1GYaeWH/q1NxQO",
    "a2MjXRFdtLlYQ5ouAFv/+R",
    "b4P/PCArtIdIH38t6mlw8Y",
    "e8Ueib+qJEhL6mXAHdnwbi"
  ],
  [
    "node",
    "_textureSetter",
    "_parent",
    "_spriteFrame",
    "sprite",
    "scene",
    "_N$normalSprite",
    "_N$pressedSprite",
    "_N$hoverSprite",
    "_N$disabledSprite"
  ],
  [
    [
      "cc.Node",
      [
        "_name",
        "_objFlags",
        "_id",
        "_components",
        "_contentSize",
        "_children",
        "_trs",
        "_parent",
        "_color"
      ],
      0,
      9,
      5,
      2,
      7,
      1,
      5
    ],
    "cc.SpriteFrame",
    "cc.Texture2D",
    [
      "cc.Widget",
      [
        "_alignFlags",
        "alignMode",
        "_originalWidth",
        "_originalHeight",
        "node"
      ],
      -1,
      1
    ],
    [
      "cc.Sprite",
      [
        "_sizeMode",
        "_type",
        "node",
        "_materials",
        "_spriteFrame"
      ],
      1,
      1,
      3,
      6
    ],
    [
      "cc.SceneAsset",
      [
        "_name",
        "asyncLoadAssets"
      ],
      1
    ],
    [
      "cc.Node",
      [
        "_name",
        "_parent",
        "_components",
        "_contentSize"
      ],
      2,
      1,
      2,
      5
    ],
    [
      "cc.Canvas",
      [
        "node"
      ],
      3,
      1
    ],
    [
      "1f7ffc8bzpGraZofy5rgl0b",
      [
        "node",
        "sprite"
      ],
      3,
      1,
      1
    ],
    [
      "cc.Button",
      [
        "_N$transition",
        "node",
        "clickEvents",
        "_N$normalColor",
        "_N$pressedColor",
        "_N$disabledColor",
        "_N$target",
        "_N$normalSprite",
        "_N$pressedSprite",
        "_N$hoverSprite",
        "_N$disabledSprite"
      ],
      2,
      1,
      9,
      5,
      5,
      5,
      1,
      6,
      6,
      6,
      6
    ],
    [
      "cc.ClickEvent",
      [
        "_componentId",
        "handler",
        "target"
      ],
      1,
      1
    ],
    [
      "cc.Scene",
      [
        "_name",
        "_children",
        "_anchorPoint",
        "_trs"
      ],
      2,
      2,
      5,
      7
    ],
    [
      "cc.Camera",
      [
        "_clearFlags",
        "_depth",
        "node"
      ],
      1,
      1
    ],
    [
      "cc.Label",
      [
        "_string",
        "_fontSize",
        "_enableWrapText",
        "_N$horizontalAlign",
        "_N$verticalAlign",
        "_N$overflow",
        "_N$cacheMode",
        "node",
        "_materials"
      ],
      -4,
      1,
      3
    ]
  ],
  [
    [
      5,
      0,
      1,
      3
    ],
    [
      0,
      0,
      2,
      5,
      3,
      4,
      6,
      3
    ],
    [
      0,
      0,
      1,
      5,
      3,
      4,
      6,
      3
    ],
    [
      0,
      0,
      7,
      5,
      3,
      4,
      6,
      2
    ],
    [
      0,
      0,
      7,
      3,
      4,
      2
    ],
    [
      0,
      0,
      1,
      7,
      3,
      8,
      4,
      3
    ],
    [
      6,
      0,
      1,
      2,
      3,
      2
    ],
    [
      7,
      0,
      1
    ],
    [
      3,
      0,
      4,
      2
    ],
    [
      3,
      1,
      0,
      2,
      3,
      4,
      5
    ],
    [
      8,
      0,
      1,
      1
    ],
    [
      4,
      1,
      0,
      2,
      3,
      4,
      3
    ],
    [
      4,
      0,
      2,
      3,
      2
    ],
    [
      9,
      0,
      1,
      2,
      3,
      4,
      5,
      6,
      7,
      8,
      9,
      10,
      2
    ],
    [
      10,
      0,
      1,
      2,
      3
    ],
    [
      11,
      0,
      1,
      2,
      3,
      2
    ],
    [
      12,
      0,
      1,
      2,
      3
    ],
    [
      13,
      0,
      1,
      2,
      3,
      4,
      5,
      6,
      7,
      8,
      8
    ]
  ],
  [
    [
      [
        {
          "name": "default_btn_disabled",
          "rect": [
            0,
            0,
            40,
            40
          ],
          "offset": [
            0,
            0
          ],
          "originalSize": [
            40,
            40
          ],
          "capInsets": [
            12,
            12,
            12,
            12
          ]
        }
      ],
      [
        1
      ],
      0,
      [
        0
      ],
      [
        1
      ],
      [
        2
      ]
    ],
    [
      [
        "0,9729,9729,33071,33071,0,0,1",
        -1
      ],
      [
        2
      ],
      0,
      [],
      [],
      []
    ],
    [
      [
        {
          "name": "default_sprite_splash",
          "rect": [
            0,
            0,
            2,
            2
          ],
          "offset": [
            0,
            0
          ],
          "originalSize": [
            2,
            2
          ],
          "capInsets": [
            0,
            0,
            0,
            0
          ]
        }
      ],
      [
        1
      ],
      0,
      [
        0
      ],
      [
        1
      ],
      [
        3
      ]
    ],
    [
      [
        "0,9729,9729,33071,33071,0,0,1",
        -1
      ],
      [
        2
      ],
      0,
      [],
      [],
      []
    ],
    [
      [
        [
          0,
          "scene",
          null
        ],
        [
          1,
          "Canvas",
          "a5esZu+45LA5mBpvttspPD",
          [
            -5,
            -6,
            -7
          ],
          [
            [
              7,
              -1
            ],
            [
              8,
              45,
              -2
            ],
            [
              10,
              -4,
              -3
            ]
          ],
          [
            5,
            960,
            640
          ],
          [
            480,
            320,
            0,
            0,
            0,
            0,
            1,
            1,
            1,
            1
          ]
        ],
        [
          2,
          "Background",
          512,
          [
            -10
          ],
          [
            [
              11,
              1,
              0,
              -8,
              [
                2
              ],
              3
            ],
            [
              9,
              0,
              45,
              100,
              40,
              -9
            ]
          ],
          [
            5,
            100,
            40
          ],
          [
            0,
            0,
            0,
            0,
            0,
            0,
            1,
            1,
            1,
            0
          ]
        ],
        [
          3,
          "New Button",
          1,
          [
            2
          ],
          [
            [
              13,
              3,
              -11,
              [
                [
                  14,
                  "1f7ffc8bzpGraZofy5rgl0b",
                  "onClick",
                  1
                ]
              ],
              [
                4,
                4293322470
              ],
              [
                4,
                4291348680
              ],
              [
                4,
                3363338360
              ],
              2,
              4,
              5,
              6,
              7
            ]
          ],
          [
            5,
            100,
            40
          ],
          [
            0,
            -172.943,
            0,
            0,
            0,
            0,
            1,
            1,
            1,
            1
          ]
        ],
        [
          15,
          "New Node",
          [
            1
          ],
          [
            0,
            0,
            0
          ],
          [
            0,
            0,
            0,
            0,
            0,
            0,
            1,
            1,
            1,
            1
          ]
        ],
        [
          4,
          "Main Camera",
          1,
          [
            [
              16,
              7,
              -1,
              -12
            ]
          ],
          [
            5,
            960,
            640
          ]
        ],
        [
          6,
          "New Sprite(Splash)",
          1,
          [
            -13
          ],
          [
            5,
            100,
            100
          ]
        ],
        [
          12,
          0,
          6,
          [
            0
          ]
        ],
        [
          5,
          "Label",
          512,
          2,
          [
            [
              17,
              "button",
              20,
              false,
              1,
              1,
              1,
              1,
              -14,
              [
                1
              ]
            ]
          ],
          [
            4,
            4278190080
          ],
          [
            5,
            100,
            40
          ]
        ]
      ],
      0,
      [
        0,
        0,
        1,
        0,
        0,
        1,
        0,
        4,
        7,
        0,
        0,
        1,
        0,
        -1,
        5,
        0,
        -2,
        6,
        0,
        -3,
        3,
        0,
        0,
        2,
        0,
        0,
        2,
        0,
        -1,
        8,
        0,
        0,
        3,
        0,
        0,
        5,
        0,
        -1,
        7,
        0,
        0,
        8,
        0,
        5,
        4,
        1,
        2,
        4,
        2,
        2,
        3,
        14
      ],
      [
        0,
        0,
        0,
        0,
        0,
        0,
        0,
        0,
        7
      ],
      [
        -1,
        -1,
        -1,
        3,
        6,
        7,
        8,
        9,
        3
      ],
      [
        0,
        0,
        0,
        1,
        1,
        4,
        1,
        5,
        6
      ]
    ],
    [
      [
        "0,9729,9729,33071,33071,0,0,1",
        -1
      ],
      [
        2
      ],
      0,
      [],
      [],
      []
    ],
    [
      [
        {
          "name": "default_btn_pressed",
          "rect": [
            0,
            0,
            40,
            40
          ],
          "offset": [
            0,
            0
          ],
          "originalSize": [
            40,
            40
          ],
          "capInsets": [
            12,
            12,
            12,
            12
          ]
        }
      ],
      [
        1
      ],
      0,
      [
        0
      ],
      [
        1
      ],
      [
        7
      ]
    ],
    [
      [
        {
          "name": "default_btn_normal",
          "rect": [
            0,
            0,
            40,
            40
          ],
          "offset": [
            0,
            0
          ],
          "originalSize": [
            40,
            40
          ],
          "capInsets": [
            12,
            12,
            12,
            12
          ]
        }
      ],
      [
        1
      ],
      0,
      [
        0
      ],
      [
        1
      ],
      [
        8
      ]
    ]
  ]
]