{
    "paths": {
        "baywDks55I+I+DeWGrQ1A9": [
            "Texture/icon114",
            "cc.SpriteFrame",
            1
        ],
        "deerbS2vtLCrDov727lLe2": [
            "Texture/icon114",
            "cc.Texture2D"
        ],
        "4f1H2mfRxG4rMwbnuv4wRt": [
            "Texture/icon144",
            "cc.SpriteFrame",
            1
        ],
        "f2/Z3R6q1L97Nri1KthaUj": [
            "Texture/icon144",
            "cc.Texture2D"
        ],
        "03vgDNsu5KPrSKiJr5cJJi": [
            "Texture/icon57",
            "cc.SpriteFrame",
            1
        ],
        "e8D/a+ePdH8KbahwXMyj2I": [
            "Texture/icon57",
            "cc.Texture2D"
        ],
        "9bjRrR0MZObqIBBHyhSrln": [
            "Texture/icon72",
            "cc.Texture2D"
        ],
        "f97HRRuzpNjLWR/onzYsRM": [
            "Texture/icon72",
            "cc.SpriteFrame",
            1
        ]
    },
    "uuids": [
        "03vgDNsu5KPrSKiJr5cJJi",
        "29FYIk+N1GYaeWH/q1NxQO",
        "4f1H2mfRxG4rMwbnuv4wRt",
        "9bjRrR0MZObqIBBHyhSrln",
        "baywDks55I+I+DeWGrQ1A9",
        "d8evS+7wBHtI+EI/Uinfpf",
        "deerbS2vtLCrDov727lLe2",
        "e8D/a+ePdH8KbahwXMyj2I",
        "e97GVMl6JHh5Ml5qEDdSGa",
        "ecpdLyjvZBwrvm+cedCcQy",
        "f0BIwQ8D5Ml7nTNQbh1YlS",
        "f2/Z3R6q1L97Nri1KthaUj",
        "f97HRRuzpNjLWR/onzYsRM"
    ],
    "scenes": {
        "db://assets/TestManual/test-manual.fire": "d8evS+7wBHtI+EI/Uinfpf"
    },
    "redirect": [
        "29FYIk+N1GYaeWH/q1NxQO",
        0,
        "e97GVMl6JHh5Ml5qEDdSGa",
        0,
        "ecpdLyjvZBwrvm+cedCcQy",
        1,
        "f0BIwQ8D5Ml7nTNQbh1YlS",
        0
    ],
    "deps": [
        "main",
        "internal"
    ],
    "packs": {
        "050f18551": [
            "9bjRrR0MZObqIBBHyhSrln",
            "deerbS2vtLCrDov727lLe2",
            "e8D/a+ePdH8KbahwXMyj2I",
            "f2/Z3R6q1L97Nri1KthaUj"
        ],
        "0cb6673a5": [
            "03vgDNsu5KPrSKiJr5cJJi",
            "4f1H2mfRxG4rMwbnuv4wRt",
            "baywDks55I+I+DeWGrQ1A9",
            "d8evS+7wBHtI+EI/Uinfpf",
            "f97HRRuzpNjLWR/onzYsRM"
        ]
    },
    "name": "TestManual",
    "importBase": "import",
    "nativeBase": "native",
    "debug": true,
    "isZip": false,
    "encrypted": false,
    "versions": {
        "import": [
            "050f18551",
            "56856",
            "0cb6673a5",
            "73aa9"
        ],
        "native": [
            "9bjRrR0MZObqIBBHyhSrln",
            "4d88a",
            "deerbS2vtLCrDov727lLe2",
            "5995c",
            "e8D/a+ePdH8KbahwXMyj2I",
            "f75b4",
            "f2/Z3R6q1L97Nri1KthaUj",
            "04620"
        ]
    }
}