{"paths":{"0":["rankBoxNumber",1],"1":["rankIconArrow",1],"2":["rankBox01",1],"3":["rankBox02",1],"4":["rankImgLine",1],"5":["rankBox01",0,1],"6":["rankIconArrow",0,1],"7":["rankBox02",0,1],"8":["rankBoxNumber",0,1],"9":["rankImgLine",0,1]},"types":["cc.SpriteFrame","cc.Texture2D"],"uuids":["2bUyuUoHxMw5+AFodpXaeg","501QlOSddJYqDZJHqgDMb3","640/9GvchJo7FypA+8bH+R","7cUN5Crv9Jl5SjiRKCq7Lx","934iH8WolEPoUUo1nupw01","13ibl38R5KDr4j+Esfztgj","32AMp8fhpJz5kVEeuwoUwF","70Esqwz1JJ86I5lkjKhGUB","aaXWosVYlKM4V50097bl8S","d8DF6In0xAiJJdhThKr/Be"],"scenes":{},"redirect":[],"deps":[],"packs":{"024769ef8":[0,1,2,3,4]},"name":"resources","importBase":"import","nativeBase":"native","debug":false,"isZip":false,"encrypted":false,"versions":{"import":["024769ef8","d00d1",5,"da76c",6,"abb8d",7,"261bf",8,"9f17e",9,"989aa"],"native":[0,"f33c9",1,"3f43c",2,"f3f8a",3,"c0030",4,"6dfbb"]}}