{
    "paths": {
        "13ibl38R5KDr4j+Esfztgj": [
            "rankBox01",
            "cc.SpriteFrame",
            1
        ],
        "640/9GvchJo7FypA+8bH+R": [
            "rankBox01",
            "cc.Texture2D"
        ],
        "70Esqwz1JJ86I5lkjKhGUB": [
            "rankBox02",
            "cc.SpriteFrame",
            1
        ],
        "7cUN5Crv9Jl5SjiRKCq7Lx": [
            "rankBox02",
            "cc.Texture2D"
        ],
        "2bUyuUoHxMw5+AFodpXaeg": [
            "rankBoxNumber",
            "cc.Texture2D"
        ],
        "aaXWosVYlKM4V50097bl8S": [
            "rankBoxNumber",
            "cc.SpriteFrame",
            1
        ],
        "32AMp8fhpJz5kVEeuwoUwF": [
            "rankIconArrow",
            "cc.SpriteFrame",
            1
        ],
        "501QlOSddJYqDZJHqgDMb3": [
            "rankIconArrow",
            "cc.Texture2D"
        ],
        "934iH8WolEPoUUo1nupw01": [
            "rankImgLine",
            "cc.Texture2D"
        ],
        "d8DF6In0xAiJJdhThKr/Be": [
            "rankImgLine",
            "cc.SpriteFrame",
            1
        ]
    },
    "uuids": [
        "13ibl38R5KDr4j+Esfztgj",
        "2bUyuUoHxMw5+AFodpXaeg",
        "32AMp8fhpJz5kVEeuwoUwF",
        "501QlOSddJYqDZJHqgDMb3",
        "640/9GvchJo7FypA+8bH+R",
        "70Esqwz1JJ86I5lkjKhGUB",
        "7cUN5Crv9Jl5SjiRKCq7Lx",
        "934iH8WolEPoUUo1nupw01",
        "aaXWosVYlKM4V50097bl8S",
        "d8DF6In0xAiJJdhThKr/Be"
    ],
    "scenes": {},
    "redirect": [],
    "deps": [],
    "packs": {
        "024769ef8": [
            "2bUyuUoHxMw5+AFodpXaeg",
            "501QlOSddJYqDZJHqgDMb3",
            "640/9GvchJo7FypA+8bH+R",
            "7cUN5Crv9Jl5SjiRKCq7Lx",
            "934iH8WolEPoUUo1nupw01"
        ]
    },
    "name": "resources",
    "importBase": "import",
    "nativeBase": "native",
    "debug": true,
    "isZip": false,
    "encrypted": false,
    "versions": {
        "import": [
            "024769ef8",
            "8e95d",
            "13ibl38R5KDr4j+Esfztgj",
            "8be0a",
            "32AMp8fhpJz5kVEeuwoUwF",
            "1e706",
            "70Esqwz1JJ86I5lkjKhGUB",
            "e2044",
            "aaXWosVYlKM4V50097bl8S",
            "4c5c1",
            "d8DF6In0xAiJJdhThKr/Be",
            "a45d6"
        ],
        "native": [
            "2bUyuUoHxMw5+AFodpXaeg",
            "f33c9",
            "501QlOSddJYqDZJHqgDMb3",
            "3f43c",
            "640/9GvchJo7FypA+8bH+R",
            "f3f8a",
            "7cUN5Crv9Jl5SjiRKCq7Lx",
            "c0030",
            "934iH8WolEPoUUo1nupw01",
            "6dfbb"
        ]
    }
}