[
  1,
  [
    "ecpdLyjvZBwrvm+cedCcQy",
    "f0BIwQ8D5Ml7nTNQbh1YlS",
    "e97GVMl6JHh5Ml5qEDdSGa",
    "29FYIk+N1GYaeWH/q1NxQO",
    "71VhFCTINJM6/Ky3oX9nBT",
    "6aoKpq6+5BVaCIpoemqt7E",
    "a8Anh32NZGRZegUtSgEj26",
    "41D7kWhyFGY7q4NDlzkazn",
    "31vIlawANFZqnzLlSuHBfc",
    "8855/VlrRKd6H0MSRnFxAU",
    "675ovJ2tVK2aLYfgPUWOMv",
    "cf73jxyN9Jt47QTJU6ziYh",
    "99FwsL0hBG8bITfZ4/IwmK",
    "b4P/PCArtIdIH38t6mlw8Y",
    "e8Ueib+qJEhL6mXAHdnwbi"
  ],
  [
    "node",
    "_textureSetter",
    "_spriteFrame",
    "_parent",
    "_N$normalSprite",
    "_N$pressedSprite",
    "_N$hoverSprite",
    "_N$disabledSprite",
    "progressBar",
    "label",
    "scene"
  ],
  [
    "cc.SpriteFrame",
    [
      "cc.Node",
      [
        "_name",
        "_objFlags",
        "_id",
        "_components",
        "_contentSize",
        "_parent",
        "_children",
        "_color",
        "_trs"
      ],
      0,
      9,
      5,
      1,
      2,
      5,
      7
    ],
    [
      "cc.Sprite",
      [
        "_type",
        "_sizeMode",
        "node",
        "_materials",
        "_spriteFrame"
      ],
      1,
      1,
      3,
      6
    ],
    [
      "cc.Node",
      [
        "_name",
        "_objFlags",
        "_parent",
        "_components",
        "_contentSize",
        "_trs",
        "_anchorPoint"
      ],
      1,
      1,
      2,
      5,
      7,
      5
    ],
    [
      "cc.Widget",
      [
        "_alignFlags",
        "alignMode",
        "_originalWidth",
        "_originalHeight",
        "node"
      ],
      -1,
      1
    ],
    [
      "cc.Label",
      [
        "_string",
        "_fontSize",
        "_N$horizontalAlign",
        "_N$verticalAlign",
        "_lineHeight",
        "_enableWrapText",
        "_N$overflow",
        "_N$cacheMode",
        "node",
        "_materials"
      ],
      -5,
      1,
      3
    ],
    [
      "cc.SceneAsset",
      [
        "_name",
        "asyncLoadAssets"
      ],
      1
    ],
    [
      "cc.Node",
      [
        "_name",
        "_parent",
        "_children",
        "_components",
        "_contentSize",
        "_trs"
      ],
      2,
      1,
      2,
      12,
      5,
      7
    ],
    [
      "cc.Canvas",
      [
        "node"
      ],
      3,
      1
    ],
    [
      "e1b90/rohdEk4SdmmEZANaD",
      [
        "node",
        "label",
        "progressBar"
      ],
      3,
      1,
      1,
      1
    ],
    [
      "cc.Button",
      [
        "_N$transition",
        "node",
        "clickEvents",
        "_N$normalColor",
        "_N$pressedColor",
        "_N$disabledColor",
        "_N$target",
        "_N$normalSprite",
        "_N$pressedSprite",
        "_N$hoverSprite",
        "_N$disabledSprite"
      ],
      2,
      1,
      9,
      5,
      5,
      5,
      1,
      6,
      6,
      6,
      6
    ],
    [
      "cc.ClickEvent",
      [
        "_componentId",
        "handler",
        "target"
      ],
      1,
      1
    ],
    [
      "cc.Scene",
      [
        "_name",
        "_children",
        "_anchorPoint",
        "_trs"
      ],
      2,
      2,
      5,
      7
    ],
    [
      "cc.Camera",
      [
        "_clearFlags",
        "_depth",
        "node"
      ],
      1,
      1
    ],
    [
      "cc.ProgressBar",
      [
        "_N$totalLength",
        "_N$progress",
        "node",
        "_N$barSprite"
      ],
      1,
      1,
      1
    ]
  ],
  [
    [
      2,
      0,
      1,
      2,
      3,
      4,
      3
    ],
    [
      4,
      1,
      0,
      2,
      3,
      4,
      5
    ],
    [
      1,
      0,
      1,
      6,
      3,
      4,
      3
    ],
    [
      1,
      0,
      5,
      6,
      3,
      4,
      8,
      2
    ],
    [
      1,
      0,
      1,
      5,
      3,
      7,
      4,
      3
    ],
    [
      10,
      0,
      1,
      2,
      3,
      4,
      5,
      6,
      7,
      8,
      9,
      10,
      2
    ],
    [
      11,
      0,
      1,
      2,
      3
    ],
    [
      5,
      0,
      1,
      5,
      2,
      3,
      6,
      7,
      8,
      9,
      8
    ],
    [
      6,
      0,
      1,
      3
    ],
    [
      1,
      0,
      2,
      6,
      3,
      7,
      4,
      8,
      3
    ],
    [
      1,
      0,
      5,
      3,
      7,
      4,
      2
    ],
    [
      1,
      0,
      5,
      3,
      2
    ],
    [
      1,
      0,
      5,
      3,
      4,
      8,
      2
    ],
    [
      7,
      0,
      1,
      2,
      3,
      4,
      5,
      2
    ],
    [
      3,
      0,
      2,
      3,
      4,
      5,
      2
    ],
    [
      3,
      0,
      1,
      2,
      3,
      4,
      6,
      5,
      3
    ],
    [
      8,
      0,
      1
    ],
    [
      9,
      0,
      1,
      2,
      1
    ],
    [
      4,
      0,
      4,
      2
    ],
    [
      2,
      2,
      3,
      4,
      1
    ],
    [
      2,
      0,
      1,
      2,
      3,
      3
    ],
    [
      12,
      0,
      1,
      2,
      3,
      2
    ],
    [
      13,
      0,
      1,
      2,
      3
    ],
    [
      5,
      0,
      1,
      4,
      2,
      3,
      8,
      9,
      6
    ],
    [
      14,
      0,
      1,
      2,
      3,
      3
    ]
  ],
  [
    [
      [
        {
          "name": "default_btn_disabled",
          "rect": [
            0,
            0,
            40,
            40
          ],
          "offset": [
            0,
            0
          ],
          "originalSize": [
            40,
            40
          ],
          "capInsets": [
            12,
            12,
            12,
            12
          ]
        }
      ],
      [
        0
      ],
      0,
      [
        0
      ],
      [
        1
      ],
      [
        4
      ]
    ],
    [
      [
        {
          "name": "HelloWorld",
          "rect": [
            0,
            0,
            195,
            270
          ],
          "offset": [
            0,
            0
          ],
          "originalSize": [
            195,
            270
          ],
          "capInsets": [
            0,
            0,
            0,
            0
          ]
        }
      ],
      [
        0
      ],
      0,
      [
        0
      ],
      [
        1
      ],
      [
        5
      ]
    ],
    [
      [
        {
          "name": "singleColor",
          "rect": [
            0,
            0,
            2,
            2
          ],
          "offset": [
            0,
            0
          ],
          "originalSize": [
            2,
            2
          ],
          "capInsets": [
            0,
            0,
            0,
            0
          ]
        }
      ],
      [
        0
      ],
      0,
      [
        0
      ],
      [
        1
      ],
      [
        6
      ]
    ],
    [
      [
        [
          8,
          "helloworld",
          null
        ],
        [
          9,
          "Canvas",
          "a286bbGknJLZpRpxROV6M94",
          [
            -6,
            -7,
            -8,
            -9,
            -10,
            -11,
            -12
          ],
          [
            [
              16,
              -1
            ],
            [
              17,
              -4,
              -3,
              -2
            ],
            [
              18,
              45,
              -5
            ]
          ],
          [
            4,
            4294769916
          ],
          [
            5,
            960,
            640
          ],
          [
            480,
            320,
            0,
            0,
            0,
            0,
            1,
            1,
            1,
            1
          ]
        ],
        [
          2,
          "Background",
          512,
          [
            -15
          ],
          [
            [
              0,
              1,
              0,
              -13,
              [
                6
              ],
              7
            ],
            [
              1,
              0,
              45,
              100,
              40,
              -14
            ]
          ],
          [
            5,
            150,
            40
          ]
        ],
        [
          2,
          "Background",
          512,
          [
            -18
          ],
          [
            [
              0,
              1,
              0,
              -16,
              [
                13
              ],
              14
            ],
            [
              1,
              0,
              45,
              100,
              40,
              -17
            ]
          ],
          [
            5,
            150,
            40
          ]
        ],
        [
          13,
          "InstallProgressBar",
          1,
          [
            -21
          ],
          [
            [
              [
                0,
                1,
                0,
                -19,
                [
                  20
                ],
                21
              ],
              -20
            ],
            4,
            1
          ],
          [
            5,
            300,
            15
          ],
          [
            0,
            -116,
            0,
            0,
            0,
            0,
            1,
            1,
            1,
            1
          ]
        ],
        [
          10,
          "background",
          1,
          [
            [
              1,
              0,
              45,
              200,
              150,
              -22
            ],
            [
              0,
              1,
              0,
              -23,
              [
                0
              ],
              1
            ]
          ],
          [
            4,
            4281214491
          ],
          [
            5,
            960,
            640
          ]
        ],
        [
          3,
          "button",
          1,
          [
            2
          ],
          [
            [
              5,
              2,
              -24,
              [
                [
                  6,
                  "e1b90/rohdEk4SdmmEZANaD",
                  "onClickTestScene",
                  1
                ]
              ],
              [
                4,
                4293322470
              ],
              [
                4,
                4291348680
              ],
              [
                4,
                3363338360
              ],
              2,
              8,
              9,
              10,
              11
            ]
          ],
          [
            5,
            150,
            40
          ],
          [
            -80,
            -266.291,
            0,
            0,
            0,
            0,
            1,
            1,
            1,
            1
          ]
        ],
        [
          3,
          "button",
          1,
          [
            3
          ],
          [
            [
              5,
              2,
              -25,
              [
                [
                  6,
                  "e1b90/rohdEk4SdmmEZANaD",
                  "onClickTestManualScene",
                  1
                ]
              ],
              [
                4,
                4293322470
              ],
              [
                4,
                4291348680
              ],
              [
                4,
                3363338360
              ],
              3,
              15,
              16,
              17,
              18
            ]
          ],
          [
            5,
            150,
            40
          ],
          [
            80,
            -266.291,
            0,
            0,
            0,
            0,
            1,
            1,
            1,
            1
          ]
        ],
        [
          21,
          "New Node",
          [
            1
          ],
          [
            0,
            0,
            0
          ],
          [
            0,
            0,
            0,
            0,
            0,
            0,
            1,
            1,
            1,
            1
          ]
        ],
        [
          11,
          "Main Camera",
          1,
          [
            [
              22,
              7,
              -1,
              -26
            ]
          ]
        ],
        [
          12,
          "cocos",
          1,
          [
            [
              19,
              -27,
              [
                2
              ],
              3
            ]
          ],
          [
            5,
            195,
            270
          ],
          [
            0,
            50,
            0,
            0,
            0,
            0,
            1,
            1,
            1,
            1
          ]
        ],
        [
          14,
          "label",
          1,
          [
            -28
          ],
          [
            5,
            342.33,
            75.6
          ],
          [
            0,
            -180,
            0,
            0,
            0,
            0,
            1,
            1,
            1,
            1
          ]
        ],
        [
          23,
          "Hello, World!",
          60,
          60,
          1,
          1,
          11,
          [
            4
          ]
        ],
        [
          4,
          "Label",
          512,
          2,
          [
            [
              7,
              "LoadCached",
              20,
              false,
              1,
              1,
              1,
              1,
              -29,
              [
                5
              ]
            ]
          ],
          [
            4,
            4278190080
          ],
          [
            5,
            150,
            40
          ]
        ],
        [
          4,
          "Label",
          512,
          3,
          [
            [
              7,
              "LoadRemote",
              20,
              false,
              1,
              1,
              1,
              1,
              -30,
              [
                12
              ]
            ]
          ],
          [
            4,
            4278190080
          ],
          [
            5,
            150,
            40
          ]
        ],
        [
          15,
          "bar",
          512,
          4,
          [
            -31
          ],
          [
            5,
            150,
            15
          ],
          [
            0,
            0,
            0.5
          ],
          [
            -150,
            0,
            0,
            0,
            0,
            0,
            1,
            1,
            1,
            1
          ]
        ],
        [
          20,
          1,
          0,
          15,
          [
            19
          ]
        ],
        [
          24,
          300,
          0.5,
          4,
          16
        ]
      ],
      0,
      [
        0,
        0,
        1,
        0,
        8,
        17,
        0,
        9,
        12,
        0,
        0,
        1,
        0,
        0,
        1,
        0,
        -1,
        9,
        0,
        -2,
        5,
        0,
        -3,
        10,
        0,
        -4,
        11,
        0,
        -5,
        6,
        0,
        -6,
        7,
        0,
        -7,
        4,
        0,
        0,
        2,
        0,
        0,
        2,
        0,
        -1,
        13,
        0,
        0,
        3,
        0,
        0,
        3,
        0,
        -1,
        14,
        0,
        0,
        4,
        0,
        -2,
        17,
        0,
        -1,
        15,
        0,
        0,
        5,
        0,
        0,
        5,
        0,
        0,
        6,
        0,
        0,
        7,
        0,
        0,
        9,
        0,
        0,
        10,
        0,
        -1,
        12,
        0,
        0,
        13,
        0,
        0,
        14,
        0,
        -1,
        16,
        0,
        10,
        8,
        1,
        3,
        8,
        2,
        3,
        6,
        3,
        3,
        7,
        31
      ],
      [
        0,
        0,
        0,
        0,
        0,
        0,
        0,
        0,
        0,
        0,
        0,
        0,
        0,
        0,
        0,
        0,
        0,
        0,
        0,
        0,
        0,
        0,
        16
      ],
      [
        -1,
        2,
        -1,
        2,
        -1,
        -1,
        -1,
        2,
        4,
        5,
        6,
        7,
        -1,
        -1,
        2,
        4,
        5,
        6,
        7,
        -1,
        -1,
        2,
        2
      ],
      [
        0,
        7,
        0,
        8,
        0,
        0,
        0,
        1,
        1,
        2,
        1,
        3,
        0,
        0,
        1,
        1,
        2,
        1,
        3,
        0,
        0,
        9,
        10
      ]
    ],
    [
      [
        {
          "name": "default_progressbar",
          "rect": [
            0,
            0,
            30,
            15
          ],
          "offset": [
            0,
            0
          ],
          "originalSize": [
            30,
            15
          ],
          "capInsets": [
            10,
            4,
            10,
            4
          ]
        }
      ],
      [
        0
      ],
      0,
      [
        0
      ],
      [
        1
      ],
      [
        11
      ]
    ],
    [
      [
        {
          "name": "default_progressbar_bg",
          "rect": [
            0,
            0,
            60,
            15
          ],
          "offset": [
            0,
            0
          ],
          "originalSize": [
            60,
            15
          ],
          "capInsets": [
            10,
            4,
            10,
            4
          ]
        }
      ],
      [
        0
      ],
      0,
      [
        0
      ],
      [
        1
      ],
      [
        12
      ]
    ],
    [
      [
        {
          "name": "default_btn_pressed",
          "rect": [
            0,
            0,
            40,
            40
          ],
          "offset": [
            0,
            0
          ],
          "originalSize": [
            40,
            40
          ],
          "capInsets": [
            12,
            12,
            12,
            12
          ]
        }
      ],
      [
        0
      ],
      0,
      [
        0
      ],
      [
        1
      ],
      [
        13
      ]
    ],
    [
      [
        {
          "name": "default_btn_normal",
          "rect": [
            0,
            0,
            40,
            40
          ],
          "offset": [
            0,
            0
          ],
          "originalSize": [
            40,
            40
          ],
          "capInsets": [
            12,
            12,
            12,
            12
          ]
        }
      ],
      [
        0
      ],
      0,
      [
        0
      ],
      [
        1
      ],
      [
        14
      ]
    ]
  ]
]