{"paths":{"0":["Texture/icon72",1],"1":["Texture/icon114",1],"2":["Texture/icon57",1],"3":["Texture/icon144",1],"4":["Texture/icon57",0,1],"5":["Texture/icon144",0,1],"6":["Texture/icon114",0,1],"8":["Texture/icon72",0,1]},"types":["cc.SpriteFrame","cc.Texture2D"],"uuids":["9bjRrR0MZObqIBBHyhSrln","deerbS2vtLCrDov727lLe2","e8D/a+ePdH8KbahwXMyj2I","f2/Z3R6q1L97Nri1KthaUj","03vgDNsu5KPrSKiJr5cJJi","4f1H2mfRxG4rMwbnuv4wRt","baywDks55I+I+DeWGrQ1A9","d8evS+7wBHtI+EI/Uinfpf","f97HRRuzpNjLWR/onzYsRM","29FYIk+N1GYaeWH/q1NxQO","e97GVMl6JHh5Ml5qEDdSGa","ecpdLyjvZBwrvm+cedCcQy","f0BIwQ8D5Ml7nTNQbh1YlS"],"scenes":{"db://assets/TestManual/test-manual.fire":7},"redirect":[9,0,10,0,11,1,12,0],"deps":["main","internal"],"packs":{"050f18551":[0,1,2,3],"0cb6673a5":[4,5,6,7,8]},"name":"TestManual","importBase":"import","nativeBase":"native","debug":false,"isZip":false,"encrypted":false,"versions":{"import":["050f18551","8ff53","0cb6673a5","a8d2f"],"native":[0,"4d88a",1,"5995c",2,"f75b4",3,"04620"]}}