[1,["ecpdLyjvZBwrvm+cedCcQy","f0BIwQ8D5Ml7nTNQbh1YlS","e8D/a+ePdH8KbahwXMyj2I","f2/Z3R6q1L97Nri1KthaUj","deerbS2vtLCrDov727lLe2","03vgDNsu5KPrSKiJr5cJJi","f97HRRuzpNjLWR/onzYsRM","baywDks55I+I+DeWGrQ1A9","4f1H2mfRxG4rMwbnuv4wRt","e97GVMl6JHh5Ml5qEDdSGa","29FYIk+N1GYaeWH/q1NxQO","9bjRrR0MZObqIBBHyhSrln"],["node","_spriteFrame","_textureSetter","_parent","scene","_N$normalSprite","_N$pressedSprite","_N$hoverSprite","_N$disabledSprite"],[["cc.Node",["_name","_objFlags","_id","_components","_contentSize","_parent","_children","_trs","_color"],0,9,5,1,2,7,5],"cc.SpriteFrame",["cc.Widget",["_alignFlags","alignMode","_originalWidth","_originalHeight","node"],-1,1],["cc.Sprite",["_type","_sizeMode","node","_materials","_spriteFrame"],1,1,3,6],["cc.SceneAsset",["_name","asyncLoadAssets"],1],["cc.Canvas",["node"],3,1],["4752d3MwMBFr7pwl9SqPq0B",["node"],3,1],["cc.Button",["_N$transition","node","clickEvents","_N$normalColor","_N$pressedColor","_N$disabledColor","_N$target","_N$normalSprite","_N$pressedSprite","_N$hoverSprite","_N$disabledSprite"],2,1,9,5,5,5,1,6,6,6,6],["cc.ClickEvent",["_componentId","handler","target"],1,1],["cc.Scene",["_name","_children","_anchorPoint","_trs"],2,2,5,7],["cc.Camera",["_clearFlags","_depth","node"],1,1],["cc.Label",["_string","_fontSize","_enableWrapText","_N$horizontalAlign","_N$verticalAlign","_N$overflow","_N$cacheMode","node","_materials"],-4,1,3]],[[0,0,5,3,4,7,2],[3,2,3,4,1],[4,0,1,3],[0,0,2,6,3,4,7,3],[0,0,1,6,3,4,3],[0,0,5,6,3,4,7,2],[0,0,5,3,4,2],[0,0,1,5,3,8,4,3],[5,0,1],[2,0,4,2],[2,1,0,2,3,4,5],[6,0,1],[3,0,1,2,3,4,3],[7,0,1,2,3,4,5,6,7,8,9,10,2],[8,0,1,2,3],[9,0,1,2,3,2],[10,0,1,2,3],[11,0,1,2,3,4,5,6,7,8,8]],[[[{"name":"icon57","rect":[0,0,57,57],"offset":[0,0],"originalSize":[57,57],"capInsets":[0,0,0,0]}],[1],0,[0],[2],[2]],[[{"name":"icon144","rect":[0,0,144,144],"offset":[0,0],"originalSize":[144,144],"capInsets":[0,0,0,0]}],[1],0,[0],[2],[3]],[[{"name":"icon114","rect":[0,0,114,114],"offset":[0,0],"originalSize":[114,114],"capInsets":[0,0,0,0]}],[1],0,[0],[2],[4]],[[[2,"test-manual",null],[3,"Canvas","a5esZu+45LA5mBpvttspPD",[-4,-5,-6,-7,-8,-9],[[8,-1],[9,45,-2],[11,-3]],[5,960,640],[480,320,0,0,0,0,1,1,1,1]],[4,"Background",512,[-12],[[12,1,0,-10,[9],10],[10,0,45,100,40,-11]],[5,100,40]],[5,"back",1,[2],[[13,2,-13,[[14,"4752d3MwMBFr7pwl9SqPq0B","onClickBack",1]],[4,4293322470],[4,4291348680],[4,3363338360],2,11,12,13,14]],[5,100,40],[0,-188.833,0,0,0,0,1,1,1,1]],[15,"New Node",[1],[0,0,0],[0,0,0,0,0,0,1,1,1,1]],[6,"Main Camera",1,[[16,7,-1,-14]],[5,960,640]],[0,"icon57",1,[[1,-15,[0],1]],[5,57,57],[-222.297,0,0,0,0,0,1,1,1,1]],[0,"icon72",1,[[1,-16,[2],3]],[5,72,72],[-83.66,0,0,0,0,0,1,1,1,1]],[0,"icon114",1,[[1,-17,[4],5]],[5,114,114],[66.928,0,0,0,0,0,1,1,1,1]],[0,"icon144",1,[[1,-18,[6],7]],[5,144,144],[233.053,0,0,0,0,0,1,1,1,1]],[7,"Label",512,2,[[17,"返回",20,false,1,1,1,1,-19,[8]]],[4,4278190080],[5,100,40]]],0,[0,0,1,0,0,1,0,0,1,0,-1,5,0,-2,6,0,-3,7,0,-4,8,0,-5,9,0,-6,3,0,0,2,0,0,2,0,-1,10,0,0,3,0,0,5,0,0,6,0,0,7,0,0,8,0,0,9,0,0,10,0,4,4,1,3,4,2,3,3,19],[0,0,0,0,0,0,0,0,0,0,0,0,0,0,0],[-1,1,-1,1,-1,1,-1,1,-1,-1,1,5,6,7,8],[0,5,0,6,0,7,0,8,0,0,1,1,9,1,10]],[[{"name":"icon72","rect":[0,0,72,72],"offset":[0,0],"originalSize":[72,72],"capInsets":[0,0,0,0]}],[1],0,[0],[2],[11]]]]